pulse_num,min_interval_ns,max_interval_ns,max_torelance_error_ns,consider_amp,max_amp_diff_ratio,max_amp_torelance_error,outdoor_wall_distance_m,outdoor_wall_reflectivity,spoofer_frequency_mhz,spoofer_pulse_width_ns,noise_ratio,ASR,Lost Point Rate
1,250,450,20,true,0.4,0.05,50.0,0.8,1.0,5,0.03,1.0,0.0
1,250,450,20,true,0.4,0.05,50.0,0.8,2.0,5,0.03,1.0,0.0
1,250,450,20,true,0.4,0.05,50.0,0.8,3.0,5,0.03,0.9835379464285714,0.0
1,250,450,20,true,0.4,0.05,50.0,0.8,4.0,5,0.03,1.0,0.0
1,250,450,20,true,0.4,0.05,50.0,0.8,5.0,5,0.03,1.0,0.0
1,250,450,20,true,0.4,0.05,50.0,0.8,6.0,5,0.03,0.9790736607142857,0.0
1,250,450,20,true,0.4,0.05,50.0,0.8,7.0,5,0.03,0.9758184523809523,0.0
1,250,450,20,true,0.4,0.05,50.0,0.8,8.0,5,0.03,1.0,0.0
1,250,450,20,true,0.4,0.05,50.0,0.8,9.0,5,0.03,0.9760044642857143,0.0
1,250,450,20,true,0.4,0.05,50.0,0.8,10.0,5,0.03,1.0,0.0
2,250,450,20,true,0.4,0.05,50.0,0.8,1.0,5,0.03,0.2502790178571429,0.21391369047619047
2,250,450,20,true,0.4,0.05,50.0,0.8,2.0,5,0.03,0.2575334821428571,0.22079613095238093
2,250,450,20,true,0.4,0.05,50.0,0.8,3.0,5,0.03,0.30840773809523814,0.25604538690476186
2,250,450,20,true,0.4,0.05,50.0,0.8,4.0,5,0.03,0.31073288690476186,0.25399925595238093
2,250,450,20,true,0.4,0.05,50.0,0.8,5.0,5,0.03,0.33212425595238093,0.2421875
2,250,450,20,true,0.4,0.05,50.0,0.8,6.0,5,0.03,0.36988467261904767,0.2957589285714286
2,250,450,20,true,0.4,0.05,50.0,0.8,7.0,5,0.03,0.41917782738095233,0.2893415178571429
2,250,450,20,true,0.4,0.05,50.0,0.8,8.0,5,0.03,0.40076264880952384,0.27418154761904767
2,250,450,20,true,0.4,0.05,50.0,0.8,9.0,5,0.03,0.4372209821428571,0.31603422619047616
2,250,450,20,true,0.4,0.05,50.0,0.8,10.0,5,0.03,0.43229166666666663,0.26525297619047616
3,250,450,20,true,0.4,0.05,50.0,0.8,1.0,5,0.03,0.38820684523809523,0.3875558035714286
3,250,450,20,true,0.4,0.05,50.0,0.8,2.0,5,0.03,0.39880952380952384,0.3981584821428571
3,250,450,20,true,0.4,0.05,50.0,0.8,3.0,5,0.03,0.4210379464285714,0.4174107142857143
3,250,450,20,true,0.4,0.05,50.0,0.8,4.0,5,0.03,0.4263392857142857,0.42317708333333337
3,250,450,20,true,0.4,0.05,50.0,0.8,5.0,5,0.03,0.43015252976190477,0.42457217261904767
3,250,450,20,true,0.4,0.05,50.0,0.8,6.0,5,0.03,0.47609747023809523,0.46912202380952384
3,250,450,20,true,0.4,0.05,50.0,0.8,7.0,5,0.03,0.49423363095238093,0.4810267857142857
3,250,450,20,true,0.4,0.05,50.0,0.8,8.0,5,0.03,0.4732142857142857,0.4598214285714286
3,250,450,20,true,0.4,0.05,50.0,0.8,9.0,5,0.03,0.5304129464285714,0.5162760416666667
3,250,450,20,true,0.4,0.05,50.0,0.8,10.0,5,0.03,0.4994419642857143,0.47553943452380953
1,250,450,20,true,0.4,0.05,50.0,0.8,11.0,5,0.03,0.9611235119047619,0.0
2,250,450,20,true,0.4,0.05,50.0,0.8,11.0,5,0.03,0.5032552083333333,0.32635788690476186
1,250,450,20,true,0.4,0.05,50.0,0.8,0.0,5,0.03,0.0,0.0
1,250,450,20,true,0.4,0.05,50.0,0.8,12.0,5,0.03,0.978515625,0.0
1,250,450,20,true,0.4,0.05,50.0,0.8,14.0,5,0.03,0.9740513392857143,0.0
1,250,450,20,true,0.4,0.05,50.0,0.8,16.0,5,0.03,0.9794456845238095,0.0
1,250,450,20,true,0.4,0.05,50.0,0.8,18.0,5,0.03,0.9796316964285714,0.0
1,250,450,20,true,0.4,0.05,50.0,0.8,20.0,5,0.03,1.0,0.0
1,250,450,20,true,0.4,0.05,50.0,0.8,22.0,5,0.03,0.9830729166666666,0.0
1,250,450,20,true,0.4,0.05,50.0,0.8,24.0,5,0.03,0.9911644345238095,0.0
1,250,450,20,true,0.4,0.05,50.0,0.8,26.0,5,0.03,0.9777715773809523,0.0
1,250,450,20,true,0.4,0.05,50.0,0.8,28.0,5,0.03,0.9868861607142857,0.0
1,250,450,20,true,0.4,0.05,50.0,0.8,30.0,5,0.03,0.9942336309523809,0.0
2,250,450,20,true,0.4,0.05,50.0,0.8,0.0,5,0.03,0.224609375,0.224609375
2,250,450,20,true,0.4,0.05,50.0,0.8,12.0,5,0.03,0.5087425595238095,0.32421875
2,250,450,20,true,0.4,0.05,50.0,0.8,14.0,5,0.03,0.5558965773809523,0.3404017857142857
2,250,450,20,true,0.4,0.05,50.0,0.8,16.0,5,0.03,0.6046316964285714,0.34923735119047616
2,250,450,20,true,0.4,0.05,50.0,0.8,18.0,5,0.03,0.6365327380952381,0.35500372023809523
2,250,450,20,true,0.4,0.05,50.0,0.8,20.0,5,0.03,0.5892857142857143,0.26934523809523814
2,250,450,20,true,0.4,0.05,50.0,0.8,22.0,5,0.03,0.6974516369047619,0.35667782738095233
2,250,450,20,true,0.4,0.05,50.0,0.8,24.0,5,0.03,0.7283296130952381,0.35779389880952384
2,250,450,20,true,0.4,0.05,50.0,0.8,26.0,5,0.03,0.9868861607142857,0.6582961309523809
2,250,450,20,true,0.4,0.05,50.0,0.8,28.0,5,0.03,0.7657180059523809,0.4045758928571429
2,250,450,20,true,0.4,0.05,50.0,0.8,30.0,5,0.03,0.7834821428571428,0.4118303571428571
3,250,450,20,true,0.4,0.05,50.0,0.8,0.0,5,0.03,0.3674665178571429,0.3674665178571429
3,250,450,20,true,0.4,0.05,50.0,0.8,12.0,5,0.03,0.5811011904761905,0.5544084821428572
3,250,450,20,true,0.4,0.05,50.0,0.8,14.0,5,0.03,0.6121651785714286,0.5731956845238095
3,250,450,20,true,0.4,0.05,50.0,0.8,16.0,5,0.03,0.6493675595238095,0.5997023809523809
3,250,450,20,true,0.4,0.05,50.0,0.8,18.0,5,0.03,0.6744791666666667,0.6115141369047619
3,250,450,20,true,0.4,0.05,50.0,0.8,20.0,5,0.03,0.6395089285714286,0.5553385416666667
3,250,450,20,true,0.4,0.05,50.0,0.8,22.0,5,0.03,0.7313058035714286,0.638671875
3,250,450,20,true,0.4,0.05,50.0,0.8,24.0,5,0.03,0.7655319940476191,0.6499255952380952
3,250,450,20,true,0.4,0.05,50.0,0.8,26.0,5,0.03,0.9969308035714286,0.8878348214285714
3,250,450,20,true,0.4,0.05,50.0,0.8,28.0,5,0.03,0.8061755952380952,0.6899181547619048
3,250,450,20,true,0.4,0.05,50.0,0.8,30.0,5,0.03,0.8266369047619048,0.7051711309523809
1,250,450,20,false,0.4,0.05,50.0,0.8,0.0,5,0.03,0.0,0.0
1,250,450,20,false,0.4,0.05,50.0,0.8,2.0,5,0.03,1.0,0.0
1,250,450,20,false,0.4,0.05,50.0,0.8,4.0,5,0.03,1.0,0.0
1,250,450,20,false,0.4,0.05,50.0,0.8,6.0,5,0.03,0.9776785714285714,0.0
1,250,450,20,false,0.4,0.05,50.0,0.8,8.0,5,0.03,1.0,0.0
1,250,450,20,false,0.4,0.05,50.0,0.8,10.0,5,0.03,1.0,0.0
1,250,450,20,false,0.4,0.05,50.0,0.8,12.0,5,0.03,0.9809337797619048,0.0
1,250,450,20,false,0.4,0.05,50.0,0.8,14.0,5,0.03,0.9753534226190477,0.0
1,250,450,20,false,0.4,0.05,50.0,0.8,16.0,5,0.03,0.9800037202380952,0.0
1,250,450,20,false,0.4,0.05,50.0,0.8,18.0,5,0.03,0.9790736607142857,0.0
1,250,450,20,false,0.4,0.05,50.0,0.8,20.0,5,0.03,1.0,0.0
1,250,450,20,false,0.4,0.05,50.0,0.8,22.0,5,0.03,0.9848400297619048,0.0
1,250,450,20,false,0.4,0.05,50.0,0.8,24.0,5,0.03,0.9894903273809523,0.0
1,250,450,20,false,0.4,0.05,50.0,0.8,26.0,5,0.03,0.9787946428571429,0.0
1,250,450,20,false,0.4,0.05,50.0,0.8,28.0,5,0.03,0.98828125,0.0
1,250,450,20,false,0.4,0.05,50.0,0.8,30.0,5,0.03,0.9952566964285714,0.0
2,250,450,20,false,0.4,0.05,50.0,0.8,0.0,5,0.03,0.0,0.0
2,250,450,20,false,0.4,0.05,50.0,0.8,2.0,5,0.03,0.2036830357142857,0.0
2,250,450,20,false,0.4,0.05,50.0,0.8,4.0,5,0.03,0.3345424107142857,0.0
2,250,450,20,false,0.4,0.05,50.0,0.8,6.0,5,0.03,0.5063244047619048,0.0
2,250,450,20,false,0.4,0.05,50.0,0.8,8.0,5,0.03,0.5441778273809523,0.0
2,250,450,20,false,0.4,0.05,50.0,0.8,10.0,5,0.03,0.7462797619047619,0.0
2,250,450,20,false,0.4,0.05,50.0,0.8,12.0,5,0.03,0.8269159226190477,0.0
2,250,450,20,false,0.4,0.05,50.0,0.8,14.0,5,0.03,0.8797433035714286,0.0
2,250,450,20,false,0.4,0.05,50.0,0.8,16.0,5,0.03,0.9119233630952381,0.0
2,250,450,20,false,0.4,0.05,50.0,0.8,18.0,5,0.03,0.9144345238095238,0.0
2,250,450,20,false,0.4,0.05,50.0,0.8,20.0,5,0.03,1.0,0.0
2,250,450,20,false,0.4,0.05,50.0,0.8,22.0,5,0.03,0.9668898809523809,0.0
2,250,450,20,false,0.4,0.05,50.0,0.8,24.0,5,0.03,0.990234375,0.0
2,250,450,20,false,0.4,0.05,50.0,0.8,26.0,5,0.03,0.9798177083333334,0.0
2,250,450,20,false,0.4,0.05,50.0,0.8,28.0,5,0.03,0.9889322916666666,0.0
2,250,450,20,false,0.4,0.05,50.0,0.8,30.0,5,0.03,0.9951636904761905,0.0
3,250,450,20,false,0.4,0.05,50.0,0.8,0.0,5,0.03,0.0,0.0
3,250,450,20,false,0.4,0.05,50.0,0.8,2.0,5,0.03,0.0502232142857143,0.0
3,250,450,20,false,0.4,0.05,50.0,0.8,4.0,5,0.03,0.15048363095238093,0.0
3,250,450,20,false,0.4,0.05,50.0,0.8,6.0,5,0.03,0.35342261904761907,0.0
3,250,450,20,false,0.4,0.05,50.0,0.8,8.0,5,0.03,0.36309523809523814,0.0
3,250,450,20,false,0.4,0.05,50.0,0.8,10.0,5,0.03,0.5553385416666667,0.0
3,250,450,20,false,0.4,0.05,50.0,0.8,12.0,5,0.03,0.7371651785714286,0.0
3,250,450,20,false,0.4,0.05,50.0,0.8,14.0,5,0.03,0.8138950892857143,0.0
3,250,450,20,false,0.4,0.05,50.0,0.8,16.0,5,0.03,0.8669084821428572,0.0
3,250,450,20,false,0.4,0.05,50.0,0.8,18.0,5,0.03,0.8832775297619048,0.0
3,250,450,20,false,0.4,0.05,50.0,0.8,20.0,5,0.03,1.0,0.0
3,250,450,20,false,0.4,0.05,50.0,0.8,22.0,5,0.03,0.9477306547619048,0.0
3,250,450,20,false,0.4,0.05,50.0,0.8,24.0,5,0.03,0.9895833333333334,0.0
3,250,450,20,false,0.4,0.05,50.0,0.8,26.0,5,0.03,0.9777715773809523,0.0
3,250,450,20,false,0.4,0.05,50.0,0.8,28.0,5,0.03,0.9878162202380952,0.0
3,250,450,20,false,0.4,0.05,50.0,0.8,30.0,5,0.03,0.9937686011904762,0.0
2,250,450,20,true,0.4,0.0,50.0,0.8,0.0,5,0.0,0.0,0.0
2,250,450,20,true,0.4,0.0,50.0,0.8,0.0,5,0.02,0.0959821428571429,0.0959821428571429
2,250,450,20,true,0.4,0.0,50.0,0.8,0.0,5,0.04,0.3328683035714286,0.3328683035714286
2,250,450,20,true,0.4,0.0,50.0,0.8,0.0,5,0.06,0.4748883928571429,0.4748883928571429
2,250,450,20,true,0.4,0.0,50.0,0.8,0.0,5,0.08,0.5802641369047619,0.5802641369047619
2,250,450,20,true,0.4,0.0,50.0,0.8,0.0,5,0.1,0.6462983630952381,0.6462983630952381
2,250,450,20,true,0.4,0.0,50.0,0.8,2.0,5,0.0,0.03338913690476186,0.0
2,250,450,20,true,0.4,0.0,50.0,0.8,2.0,5,0.02,0.1261160714285714,0.09105282738095233
2,250,450,20,true,0.4,0.0,50.0,0.8,2.0,5,0.04,0.35723586309523814,0.32328869047619047
2,250,450,20,true,0.4,0.0,50.0,0.8,2.0,5,0.06,0.5041852678571428,0.47274925595238093
2,250,450,20,true,0.4,0.0,50.0,0.8,2.0,5,0.08,0.5938430059523809,0.5608258928571428
2,250,450,20,true,0.4,0.0,50.0,0.8,2.0,5,0.1,0.6521577380952381,0.6167224702380952
2,250,450,20,true,0.4,0.0,50.0,0.8,4.0,5,0.0,0.09049479166666663,0.0457589285714286
2,250,450,20,true,0.4,0.0,50.0,0.8,4.0,5,0.02,0.19373139880952384,0.14053199404761907
2,250,450,20,true,0.4,0.0,50.0,0.8,4.0,5,0.04,0.4073660714285714,0.34644717261904767
2,250,450,20,true,0.4,0.0,50.0,0.8,4.0,5,0.06,0.5404575892857143,0.4771205357142857
2,250,450,20,true,0.4,0.0,50.0,0.8,4.0,5,0.08,0.6304873511904762,0.568359375
2,250,450,20,true,0.4,0.0,50.0,0.8,4.0,5,0.1,0.6839657738095238,0.6137462797619048
2,250,450,20,true,0.4,0.0,50.0,0.8,6.0,5,0.0,0.1676897321428571,0.11235119047619047
2,250,450,20,true,0.4,0.0,50.0,0.8,6.0,5,0.02,0.25930059523809523,0.18843005952380953
2,250,450,20,true,0.4,0.0,50.0,0.8,6.0,5,0.04,0.45265997023809523,0.37434895833333337
2,250,450,20,true,0.4,0.0,50.0,0.8,6.0,5,0.06,0.5881696428571428,0.49786086309523814
2,250,450,20,true,0.4,0.0,50.0,0.8,6.0,5,0.08,0.6624813988095238,0.5688244047619048
2,250,450,20,true,0.4,0.0,50.0,0.8,6.0,5,0.1,0.7104724702380952,0.6071428571428572
2,250,450,20,true,0.4,0.0,50.0,0.8,8.0,5,0.0,0.1861049107142857,0.09328497023809523
2,250,450,20,true,0.4,0.0,50.0,0.8,8.0,5,0.02,0.29640997023809523,0.18312872023809523
2,250,450,20,true,0.4,0.0,50.0,0.8,8.0,5,0.04,0.4799107142857143,0.3504464285714286
2,250,450,20,true,0.4,0.0,50.0,0.8,8.0,5,0.06,0.6080729166666667,0.46977306547619047
2,250,450,20,true,0.4,0.0,50.0,0.8,8.0,5,0.08,0.6846168154761905,0.5304129464285714
2,250,450,20,true,0.4,0.0,50.0,0.8,8.0,5,0.1,0.7274925595238095,0.5617559523809523
2,250,450,20,true,0.4,0.0,50.0,0.8,10.0,5,0.0,0.21186755952380953,0.09607514880952384
2,250,450,20,true,0.4,0.0,50.0,0.8,10.0,5,0.02,0.3211495535714286,0.16452752976190477
2,250,450,20,true,0.4,0.0,50.0,0.8,10.0,5,0.04,0.509765625,0.33696056547619047
2,250,450,20,true,0.4,0.0,50.0,0.8,10.0,5,0.06,0.6361607142857143,0.4402901785714286
2,250,450,20,true,0.4,0.0,50.0,0.8,10.0,5,0.08,0.6984747023809523,0.49730282738095233
2,250,450,20,true,0.4,0.0,50.0,0.8,10.0,5,0.1,0.7407924107142857,0.5243675595238095
2,250,450,20,true,0.4,0.0,50.0,0.8,12.0,5,0.0,0.3080357142857143,0.18870907738095233
2,250,450,20,true,0.4,0.0,50.0,0.8,12.0,5,0.02,0.42113095238095233,0.25130208333333337
2,250,450,20,true,0.4,0.0,50.0,0.8,12.0,5,0.04,0.5844494047619048,0.38885788690476186
2,250,450,20,true,0.4,0.0,50.0,0.8,12.0,5,0.06,0.6851748511904762,0.47033110119047616
2,250,450,20,true,0.4,0.0,50.0,0.8,12.0,5,0.08,0.7531622023809523,0.5116257440476191
2,250,450,20,true,0.4,0.0,50.0,0.8,12.0,5,0.1,0.7898065476190477,0.5234375
2,250,450,20,true,0.4,0.0,50.0,0.8,14.0,5,0.0,0.35639880952380953,0.21558779761904767
2,250,450,20,true,0.4,0.0,50.0,0.8,14.0,5,0.02,0.47107514880952384,0.27083333333333337
2,250,450,20,true,0.4,0.0,50.0,0.8,14.0,5,0.04,0.6266741071428572,0.39127604166666663
2,250,450,20,true,0.4,0.0,50.0,0.8,14.0,5,0.06,0.7147507440476191,0.45349702380952384
2,250,450,20,true,0.4,0.0,50.0,0.8,14.0,5,0.08,0.7698102678571428,0.4827008928571429
2,250,450,20,true,0.4,0.0,50.0,0.8,14.0,5,0.1,0.8107328869047619,0.4891183035714286
2,250,450,20,true,0.4,0.0,50.0,0.8,16.0,5,0.0,0.41034226190476186,0.24786086309523814
2,250,450,20,true,0.4,0.0,50.0,0.8,16.0,5,0.02,0.5181361607142857,0.28859747023809523
2,250,450,20,true,0.4,0.0,50.0,0.8,16.0,5,0.04,0.6578311011904762,0.3959263392857143
2,250,450,20,true,0.4,0.0,50.0,0.8,16.0,5,0.06,0.7489769345238095,0.46028645833333337
2,250,450,20,true,0.4,0.0,50.0,0.8,16.0,5,0.08,0.7908296130952381,0.45917038690476186
2,250,450,20,true,0.4,0.0,50.0,0.8,16.0,5,0.1,0.8272879464285714,0.47395833333333337
2,250,450,20,true,0.4,0.0,50.0,0.8,18.0,5,0.0,0.4352678571428571,0.27334449404761907
2,250,450,20,true,0.4,0.0,50.0,0.8,18.0,5,0.02,0.5440848214285714,0.30078125
2,250,450,20,true,0.4,0.0,50.0,0.8,18.0,5,0.04,0.6841517857142857,0.39025297619047616
2,250,450,20,true,0.4,0.0,50.0,0.8,18.0,5,0.06,0.7696242559523809,0.43619791666666663
2,250,450,20,true,0.4,0.0,50.0,0.8,18.0,5,0.08,0.8145461309523809,0.46047247023809523
2,250,450,20,true,0.4,0.0,50.0,0.8,18.0,5,0.1,0.8522135416666666,0.45219494047619047
2,250,450,20,true,0.4,0.0,50.0,0.8,20.0,5,0.0,0.37369791666666663,0.1559709821428571
2,250,450,20,true,0.4,0.0,50.0,0.8,20.0,5,0.02,0.4986049107142857,0.2042410714285714
2,250,450,20,true,0.4,0.0,50.0,0.8,20.0,5,0.04,0.6647135416666667,0.3205915178571429
2,250,450,20,true,0.4,0.0,50.0,0.8,20.0,5,0.06,0.7413504464285714,0.3680245535714286
2,250,450,20,true,0.4,0.0,50.0,0.8,20.0,5,0.08,0.794921875,0.38513764880952384
2,250,450,20,true,0.4,0.0,50.0,0.8,20.0,5,0.1,0.8284040178571428,0.3727678571428571
2,250,450,20,true,0.4,0.0,50.0,0.8,22.0,5,0.0,0.5134858630952381,0.3116629464285714
2,250,450,20,true,0.4,0.0,50.0,0.8,22.0,5,0.02,0.6303943452380952,0.32877604166666663
2,250,450,20,true,0.4,0.0,50.0,0.8,22.0,5,0.04,0.7537202380952381,0.3909040178571429
2,250,450,20,true,0.4,0.0,50.0,0.8,22.0,5,0.06,0.8095238095238095,0.41424851190476186
2,250,450,20,true,0.4,0.0,50.0,0.8,22.0,5,0.08,0.8543526785714286,0.40755208333333337
2,250,450,20,true,0.4,0.0,50.0,0.8,22.0,5,0.1,0.8792782738095238,0.3962053571428571
2,250,450,20,true,0.4,0.0,50.0,0.8,24.0,5,0.0,0.5452938988095238,0.32579985119047616
2,250,450,20,true,0.4,0.0,50.0,0.8,24.0,5,0.02,0.6655505952380952,0.33203125
2,250,450,20,true,0.4,0.0,50.0,0.8,24.0,5,0.04,0.7735305059523809,0.3892299107142857
2,250,450,20,true,0.4,0.0,50.0,0.8,24.0,5,0.06,0.8278459821428572,0.4029017857142857
2,250,450,20,true,0.4,0.0,50.0,0.8,24.0,5,0.08,0.8680245535714286,0.40578497023809523
2,250,450,20,true,0.4,0.0,50.0,0.8,24.0,5,0.1,0.888671875,0.37397693452380953
2,250,450,20,true,0.4,0.0,50.0,0.8,26.0,5,0.0,0.8754650297619048,0.7849702380952381
2,250,450,20,true,0.4,0.0,50.0,0.8,26.0,5,0.02,0.9821428571428571,0.7065662202380952
2,250,450,20,true,0.4,0.0,50.0,0.8,26.0,5,0.04,0.9855840773809523,0.6344866071428572
2,250,450,20,true,0.4,0.0,50.0,0.8,26.0,5,0.06,0.9694010416666666,0.5845424107142857
2,250,450,20,true,0.4,0.0,50.0,0.8,26.0,5,0.08,0.9499627976190477,0.5172991071428572
2,250,450,20,true,0.4,0.0,50.0,0.8,26.0,5,0.1,0.9410342261904762,0.44540550595238093
2,250,450,20,true,0.4,0.0,50.0,0.8,28.0,5,0.0,0.5870535714285714,0.37760416666666663
2,250,450,20,true,0.4,0.0,50.0,0.8,28.0,5,0.02,0.7181919642857143,0.37481398809523814
2,250,450,20,true,0.4,0.0,50.0,0.8,28.0,5,0.04,0.8104538690476191,0.41387648809523814
2,250,450,20,true,0.4,0.0,50.0,0.8,28.0,5,0.06,0.859375,0.43033854166666663
2,250,450,20,true,0.4,0.0,50.0,0.8,28.0,5,0.08,0.8916480654761905,0.4109933035714286
2,250,450,20,true,0.4,0.0,50.0,0.8,28.0,5,0.1,0.9068080357142857,0.37741815476190477
2,250,450,20,true,0.4,0.0,50.0,0.8,30.0,5,0.0,0.6154203869047619,0.41015625
2,250,450,20,true,0.4,0.0,50.0,0.8,30.0,5,0.02,0.7295386904761905,0.39657738095238093
2,250,450,20,true,0.4,0.0,50.0,0.8,30.0,5,0.04,0.8201264880952381,0.41564360119047616
2,250,450,20,true,0.4,0.0,50.0,0.8,30.0,5,0.06,0.8683035714285714,0.42113095238095233
2,250,450,20,true,0.4,0.0,50.0,0.8,30.0,5,0.08,0.8978794642857143,0.41387648809523814
2,250,450,20,true,0.4,0.0,50.0,0.8,30.0,5,0.1,0.9096912202380952,0.3699776785714286
2,250,450,20,true,0.4,0.02,50.0,0.8,0.0,5,0.0,0.0,0.0
2,250,450,20,true,0.4,0.02,50.0,0.8,0.0,5,0.02,0.0979352678571429,0.0979352678571429
2,250,450,20,true,0.4,0.02,50.0,0.8,0.0,5,0.04,0.3364955357142857,0.3364955357142857
2,250,450,20,true,0.4,0.02,50.0,0.8,0.0,5,0.06,0.48902529761904767,0.48902529761904767
2,250,450,20,true,0.4,0.02,50.0,0.8,0.0,5,0.08,0.5825892857142857,0.5825892857142857
2,250,450,20,true,0.4,0.02,50.0,0.8,0.0,5,0.1,0.6525297619047619,0.6525297619047619
2,250,450,20,true,0.4,0.02,50.0,0.8,2.0,5,0.0,0.03366815476190477,0.0
2,250,450,20,true,0.4,0.02,50.0,0.8,2.0,5,0.02,0.12397693452380953,0.08947172619047616
2,250,450,20,true,0.4,0.02,50.0,0.8,2.0,5,0.04,0.357421875,0.32300967261904767
2,250,450,20,true,0.4,0.02,50.0,0.8,2.0,5,0.06,0.5074404761904762,0.4712611607142857
2,250,450,20,true,0.4,0.02,50.0,0.8,2.0,5,0.08,0.5950520833333333,0.5623139880952381
2,250,450,20,true,0.4,0.02,50.0,0.8,2.0,5,0.1,0.6612723214285714,0.6257440476190477
2,250,450,20,true,0.4,0.02,50.0,0.8,4.0,5,0.0,0.09644717261904767,0.04557291666666663
2,250,450,20,true,0.4,0.02,50.0,0.8,4.0,5,0.02,0.185546875,0.1303013392857143
2,250,450,20,true,0.4,0.02,50.0,0.8,4.0,5,0.04,0.40271577380952384,0.34281994047619047
2,250,450,20,true,0.4,0.02,50.0,0.8,4.0,5,0.06,0.5505022321428572,0.4868861607142857
2,250,450,20,true,0.4,0.02,50.0,0.8,4.0,5,0.08,0.6207217261904762,0.5563616071428572
2,250,450,20,true,0.4,0.02,50.0,0.8,4.0,5,0.1,0.6781994047619048,0.6116071428571428
2,250,450,20,true,0.4,0.02,50.0,0.8,6.0,5,0.0,0.16638764880952384,0.11095610119047616
2,250,450,20,true,0.4,0.02,50.0,0.8,6.0,5,0.02,0.25957961309523814,0.1928013392857143
2,250,450,20,true,0.4,0.02,50.0,0.8,6.0,5,0.04,0.45879836309523814,0.37518601190476186
2,250,450,20,true,0.4,0.02,50.0,0.8,6.0,5,0.06,0.5858444940476191,0.4974888392857143
2,250,450,20,true,0.4,0.02,50.0,0.8,6.0,5,0.08,0.6596912202380952,0.5678013392857143
2,250,450,20,true,0.4,0.02,50.0,0.8,6.0,5,0.1,0.7198660714285714,0.6062127976190477
2,250,450,20,true,0.4,0.02,50.0,0.8,8.0,5,0.0,0.1791294642857143,0.09412202380952384
2,250,450,20,true,0.4,0.02,50.0,0.8,8.0,5,0.02,0.2840401785714286,0.17168898809523814
2,250,450,20,true,0.4,0.02,50.0,0.8,8.0,5,0.04,0.4757254464285714,0.3454241071428571
2,250,450,20,true,0.4,0.02,50.0,0.8,8.0,5,0.06,0.5994233630952381,0.46298363095238093
2,250,450,20,true,0.4,0.02,50.0,0.8,8.0,5,0.08,0.6850818452380952,0.5305059523809523
2,250,450,20,true,0.4,0.02,50.0,0.8,8.0,5,0.1,0.7305617559523809,0.5694754464285714
2,250,450,20,true,0.4,0.02,50.0,0.8,10.0,5,0.0,0.21242559523809523,0.09644717261904767
2,250,450,20,true,0.4,0.02,50.0,0.8,10.0,5,0.02,0.32152157738095233,0.17038690476190477
2,250,450,20,true,0.4,0.02,50.0,0.8,10.0,5,0.04,0.5131138392857143,0.34105282738095233
2,250,450,20,true,0.4,0.02,50.0,0.8,10.0,5,0.06,0.6290922619047619,0.44484747023809523
2,250,450,20,true,0.4,0.02,50.0,0.8,10.0,5,0.08,0.6990327380952381,0.4977678571428571
2,250,450,20,true,0.4,0.02,50.0,0.8,10.0,5,0.1,0.7534412202380952,0.5372953869047619
2,250,450,20,true,0.4,0.02,50.0,0.8,12.0,5,0.0,0.31156994047619047,0.19261532738095233
2,250,450,20,true,0.4,0.02,50.0,0.8,12.0,5,0.02,0.4213169642857143,0.25158110119047616
2,250,450,20,true,0.4,0.02,50.0,0.8,12.0,5,0.04,0.58984375,0.39109002976190477
2,250,450,20,true,0.4,0.02,50.0,0.8,12.0,5,0.06,0.6895461309523809,0.46940104166666663
2,250,450,20,true,0.4,0.02,50.0,0.8,12.0,5,0.08,0.7428385416666667,0.49851190476190477
2,250,450,20,true,0.4,0.02,50.0,0.8,12.0,5,0.1,0.7906436011904762,0.5287388392857143
2,250,450,20,true,0.4,0.02,50.0,0.8,14.0,5,0.0,0.35863095238095233,0.21837797619047616
2,250,450,20,true,0.4,0.02,50.0,0.8,14.0,5,0.02,0.46409970238095233,0.26246279761904767
2,250,450,20,true,0.4,0.02,50.0,0.8,14.0,5,0.04,0.6231398809523809,0.3872767857142857
2,250,450,20,true,0.4,0.02,50.0,0.8,14.0,5,0.06,0.7094494047619048,0.44856770833333337
2,250,450,20,true,0.4,0.02,50.0,0.8,14.0,5,0.08,0.7779947916666666,0.4840959821428571
2,250,450,20,true,0.4,0.02,50.0,0.8,14.0,5,0.1,0.8122209821428572,0.4946986607142857
2,250,450,20,true,0.4,0.02,50.0,0.8,16.0,5,0.0,0.40531994047619047,0.2508370535714286
2,250,450,20,true,0.4,0.02,50.0,0.8,16.0,5,0.02,0.5193452380952381,0.2865513392857143
2,250,450,20,true,0.4,0.02,50.0,0.8,16.0,5,0.04,0.6541108630952381,0.39025297619047616
2,250,450,20,true,0.4,0.02,50.0,0.8,16.0,5,0.06,0.7418154761904762,0.44745163690476186
2,250,450,20,true,0.4,0.02,50.0,0.8,16.0,5,0.08,0.7951078869047619,0.46940104166666663
2,250,450,20,true,0.4,0.02,50.0,0.8,16.0,5,0.1,0.8230096726190477,0.4693080357142857
2,250,450,20,true,0.4,0.02,50.0,0.8,18.0,5,0.0,0.4299665178571429,0.2625558035714286
2,250,450,20,true,0.4,0.02,50.0,0.8,18.0,5,0.02,0.5555245535714286,0.30794270833333337
2,250,450,20,true,0.4,0.02,50.0,0.8,18.0,5,0.04,0.6901971726190477,0.39657738095238093
2,250,450,20,true,0.4,0.02,50.0,0.8,18.0,5,0.06,0.7752046130952381,0.4450334821428571
2,250,450,20,true,0.4,0.02,50.0,0.8,18.0,5,0.08,0.8191034226190477,0.4631696428571429
2,250,450,20,true,0.4,0.02,50.0,0.8,18.0,5,0.1,0.8430059523809523,0.44428943452380953
2,250,450,20,true,0.4,0.02,50.0,0.8,20.0,5,0.0,0.384765625,0.16452752976190477
2,250,450,20,true,0.4,0.02,50.0,0.8,20.0,5,0.02,0.5039992559523809,0.2045200892857143
2,250,450,20,true,0.4,0.02,50.0,0.8,20.0,5,0.04,0.6548549107142857,0.3113839285714286
2,250,450,20,true,0.4,0.02,50.0,0.8,20.0,5,0.06,0.7451636904761905,0.36811755952380953
2,250,450,20,true,0.4,0.02,50.0,0.8,20.0,5,0.08,0.8042224702380952,0.38597470238095233
2,250,450,20,true,0.4,0.02,50.0,0.8,20.0,5,0.1,0.8303571428571428,0.37109375
2,250,450,20,true,0.4,0.02,50.0,0.8,22.0,5,0.0,0.5145089285714286,0.31742931547619047
2,250,450,20,true,0.4,0.02,50.0,0.8,22.0,5,0.02,0.6323474702380952,0.33184523809523814
2,250,450,20,true,0.4,0.02,50.0,0.8,22.0,5,0.04,0.7484188988095238,0.3881138392857143
2,250,450,20,true,0.4,0.02,50.0,0.8,22.0,5,0.06,0.8126860119047619,0.41015625
2,250,450,20,true,0.4,0.02,50.0,0.8,22.0,5,0.08,0.8471912202380952,0.41396949404761907
2,250,450,20,true,0.4,0.02,50.0,0.8,22.0,5,0.1,0.8763020833333334,0.40690104166666663
2,250,450,20,true,0.4,0.02,50.0,0.8,24.0,5,0.0,0.5392485119047619,0.32012648809523814
2,250,450,20,true,0.4,0.02,50.0,0.8,24.0,5,0.02,0.6588541666666667,0.33389136904761907
2,250,450,20,true,0.4,0.02,50.0,0.8,24.0,5,0.04,0.7737165178571428,0.38550967261904767
2,250,450,20,true,0.4,0.02,50.0,0.8,24.0,5,0.06,0.8346354166666666,0.40187872023809523
2,250,450,20,true,0.4,0.02,50.0,0.8,24.0,5,0.08,0.8702566964285714,0.40132068452380953
2,250,450,20,true,0.4,0.02,50.0,0.8,24.0,5,0.1,0.8864397321428571,0.36560639880952384
2,250,450,20,true,0.4,0.02,50.0,0.8,26.0,5,0.0,0.8792782738095238,0.7884114583333334
2,250,450,20,true,0.4,0.02,50.0,0.8,26.0,5,0.02,0.9851190476190477,0.7017299107142857
2,250,450,20,true,0.4,0.02,50.0,0.8,26.0,5,0.04,0.9850260416666666,0.6403459821428572
2,250,450,20,true,0.4,0.02,50.0,0.8,26.0,5,0.06,0.9707961309523809,0.5702194940476191
2,250,450,20,true,0.4,0.02,50.0,0.8,26.0,5,0.08,0.9518229166666666,0.517578125
2,250,450,20,true,0.4,0.02,50.0,0.8,26.0,5,0.1,0.9405691964285714,0.45972842261904767
2,250,450,20,true,0.4,0.02,50.0,0.8,28.0,5,0.0,0.5868675595238095,0.38932291666666663
2,250,450,20,true,0.4,0.02,50.0,0.8,28.0,5,0.02,0.7083333333333333,0.38095238095238093
2,250,450,20,true,0.4,0.02,50.0,0.8,28.0,5,0.04,0.8076636904761905,0.4084821428571429
2,250,450,20,true,0.4,0.02,50.0,0.8,28.0,5,0.06,0.8513764880952381,0.4168526785714286
2,250,450,20,true,0.4,0.02,50.0,0.8,28.0,5,0.08,0.8893229166666666,0.41443452380952384
2,250,450,20,true,0.4,0.02,50.0,0.8,28.0,5,0.1,0.9123883928571429,0.3833705357142857
2,250,450,20,true,0.4,0.02,50.0,0.8,30.0,5,0.0,0.61328125,0.4037388392857143
2,250,450,20,true,0.4,0.02,50.0,0.8,30.0,5,0.02,0.7367001488095238,0.3956473214285714
2,250,450,20,true,0.4,0.02,50.0,0.8,30.0,5,0.04,0.8273809523809523,0.4268973214285714
2,250,450,20,true,0.4,0.02,50.0,0.8,30.0,5,0.06,0.8640252976190477,0.4263392857142857
2,250,450,20,true,0.4,0.02,50.0,0.8,30.0,5,0.08,0.8920200892857143,0.40885416666666663
2,250,450,20,true,0.4,0.02,50.0,0.8,30.0,5,0.1,0.9165736607142857,0.3777901785714286
2,250,450,20,true,0.4,0.05,50.0,0.8,0.0,5,0.0,0.0,0.0
2,250,450,20,true,0.4,0.05,50.0,0.8,0.0,5,0.02,0.09663318452380953,0.09663318452380953
2,250,450,20,true,0.4,0.05,50.0,0.8,0.0,5,0.04,0.3351004464285714,0.3351004464285714
2,250,450,20,true,0.4,0.05,50.0,0.8,0.0,5,0.06,0.4852120535714286,0.4852120535714286
2,250,450,20,true,0.4,0.05,50.0,0.8,0.0,5,0.08,0.5808221726190477,0.5808221726190477
2,250,450,20,true,0.4,0.05,50.0,0.8,0.0,5,0.1,0.6454613095238095,0.6454613095238095
2,250,450,20,true,0.4,0.05,50.0,0.8,2.0,5,0.0,0.03394717261904767,0.0
2,250,450,20,true,0.4,0.05,50.0,0.8,2.0,5,0.02,0.13457961309523814,0.10063244047619047
2,250,450,20,true,0.4,0.05,50.0,0.8,2.0,5,0.04,0.35584077380952384,0.3258928571428571
2,250,450,20,true,0.4,0.05,50.0,0.8,2.0,5,0.06,0.5013950892857143,0.46716889880952384
2,250,450,20,true,0.4,0.05,50.0,0.8,2.0,5,0.08,0.5936569940476191,0.5599888392857143
2,250,450,20,true,0.4,0.05,50.0,0.8,2.0,5,0.1,0.6657366071428572,0.6335565476190477
2,250,450,20,true,0.4,0.05,50.0,0.8,4.0,5,0.0,0.09756324404761907,0.04901413690476186
2,250,450,20,true,0.4,0.05,50.0,0.8,4.0,5,0.02,0.19010416666666663,0.1350446428571429
2,250,450,20,true,0.4,0.05,50.0,0.8,4.0,5,0.04,0.40727306547619047,0.34663318452380953
2,250,450,20,true,0.4,0.05,50.0,0.8,4.0,5,0.06,0.5392485119047619,0.47786458333333337
2,250,450,20,true,0.4,0.05,50.0,0.8,4.0,5,0.08,0.6279761904761905,0.5649181547619048
2,250,450,20,true,0.4,0.05,50.0,0.8,4.0,5,0.1,0.6854538690476191,0.6155133928571428
2,250,450,20,true,0.4,0.05,50.0,0.8,6.0,5,0.0,0.17113095238095233,0.1104910714285714
2,250,450,20,true,0.4,0.05,50.0,0.8,6.0,5,0.02,0.26171875,0.19131324404761907
2,250,450,20,true,0.4,0.05,50.0,0.8,6.0,5,0.04,0.45135788690476186,0.37211681547619047
2,250,450,20,true,0.4,0.05,50.0,0.8,6.0,5,0.06,0.5851934523809523,0.49897693452380953
2,250,450,20,true,0.4,0.05,50.0,0.8,6.0,5,0.08,0.6666666666666667,0.5673363095238095
2,250,450,20,true,0.4,0.05,50.0,0.8,6.0,5,0.1,0.7176339285714286,0.6085379464285714
2,250,450,20,true,0.4,0.05,50.0,0.8,8.0,5,0.0,0.18712797619047616,0.09998139880952384
2,250,450,20,true,0.4,0.05,50.0,0.8,8.0,5,0.02,0.2924107142857143,0.17624627976190477
2,250,450,20,true,0.4,0.05,50.0,0.8,8.0,5,0.04,0.48828125,0.36263020833333337
2,250,450,20,true,0.4,0.05,50.0,0.8,8.0,5,0.06,0.6043526785714286,0.46196056547619047
2,250,450,20,true,0.4,0.05,50.0,0.8,8.0,5,0.08,0.6799665178571428,0.5298549107142857
2,250,450,20,true,0.4,0.05,50.0,0.8,8.0,5,0.1,0.7288876488095238,0.5688244047619048
2,250,450,20,true,0.4,0.05,50.0,0.8,10.0,5,0.0,0.2131696428571429,0.09170386904761907
2,250,450,20,true,0.4,0.05,50.0,0.8,10.0,5,0.02,0.32775297619047616,0.17596726190476186
2,250,450,20,true,0.4,0.05,50.0,0.8,10.0,5,0.04,0.5116257440476191,0.33826264880952384
2,250,450,20,true,0.4,0.05,50.0,0.8,10.0,5,0.06,0.6234188988095238,0.43563988095238093
2,250,450,20,true,0.4,0.05,50.0,0.8,10.0,5,0.08,0.7067522321428572,0.49795386904761907
2,250,450,20,true,0.4,0.05,50.0,0.8,10.0,5,0.1,0.7433035714285714,0.533203125
2,250,450,20,true,0.4,0.05,50.0,0.8,12.0,5,0.0,0.32021949404761907,0.19652157738095233
2,250,450,20,true,0.4,0.05,50.0,0.8,12.0,5,0.02,0.41834077380952384,0.2516741071428571
2,250,450,20,true,0.4,0.05,50.0,0.8,12.0,5,0.04,0.58984375,0.39155505952380953
2,250,450,20,true,0.4,0.05,50.0,0.8,12.0,5,0.06,0.6834077380952381,0.46893601190476186
2,250,450,20,true,0.4,0.05,50.0,0.8,12.0,5,0.08,0.7506510416666666,0.5122767857142857
2,250,450,20,true,0.4,0.05,50.0,0.8,12.0,5,0.1,0.7813430059523809,0.5203683035714286
2,250,450,20,true,0.4,0.05,50.0,0.8,14.0,5,0.0,0.3546316964285714,0.21884300595238093
2,250,450,20,true,0.4,0.05,50.0,0.8,14.0,5,0.02,0.4754464285714286,0.2748325892857143
2,250,450,20,true,0.4,0.05,50.0,0.8,14.0,5,0.04,0.6307663690476191,0.39081101190476186
2,250,450,20,true,0.4,0.05,50.0,0.8,14.0,5,0.06,0.7121465773809523,0.44921875
2,250,450,20,true,0.4,0.05,50.0,0.8,14.0,5,0.08,0.7762276785714286,0.48511904761904767
2,250,450,20,true,0.4,0.05,50.0,0.8,14.0,5,0.1,0.8081287202380952,0.48763020833333337
2,250,450,20,true,0.4,0.05,50.0,0.8,16.0,5,0.0,0.40913318452380953,0.25046502976190477
2,250,450,20,true,0.4,0.05,50.0,0.8,16.0,5,0.02,0.5120907738095238,0.28952752976190477
2,250,450,20,true,0.4,0.05,50.0,0.8,16.0,5,0.04,0.6519717261904762,0.38327752976190477
2,250,450,20,true,0.4,0.05,50.0,0.8,16.0,5,0.06,0.7414434523809523,0.4514508928571429
2,250,450,20,true,0.4,0.05,50.0,0.8,16.0,5,0.08,0.7912946428571428,0.46744791666666663
2,250,450,20,true,0.4,0.05,50.0,0.8,16.0,5,0.1,0.8269159226190477,0.46419270833333337
2,250,450,20,true,0.4,0.05,50.0,0.8,18.0,5,0.0,0.43536086309523814,0.2703683035714286
2,250,450,20,true,0.4,0.05,50.0,0.8,18.0,5,0.02,0.548828125,0.3063616071428571
2,250,450,20,true,0.4,0.05,50.0,0.8,18.0,5,0.04,0.6882440476190477,0.39211309523809523
2,250,450,20,true,0.4,0.05,50.0,0.8,18.0,5,0.06,0.7743675595238095,0.44075520833333337
2,250,450,20,true,0.4,0.05,50.0,0.8,18.0,5,0.08,0.8132440476190477,0.4458705357142857
2,250,450,20,true,0.4,0.05,50.0,0.8,18.0,5,0.1,0.8470052083333334,0.44289434523809523
2,250,450,20,true,0.4,0.05,50.0,0.8,20.0,5,0.0,0.37881324404761907,0.1587611607142857
2,250,450,20,true,0.4,0.05,50.0,0.8,20.0,5,0.02,0.5028831845238095,0.2064732142857143
2,250,450,20,true,0.4,0.05,50.0,0.8,20.0,5,0.04,0.6540178571428572,0.31715029761904767
2,250,450,20,true,0.4,0.05,50.0,0.8,20.0,5,0.06,0.7392113095238095,0.3610491071428571
2,250,450,20,true,0.4,0.05,50.0,0.8,20.0,5,0.08,0.8071986607142857,0.39043898809523814
2,250,450,20,true,0.4,0.05,50.0,0.8,20.0,5,0.1,0.8330543154761905,0.37574404761904767
2,250,450,20,true,0.4,0.05,50.0,0.8,22.0,5,0.0,0.5092075892857143,0.30729166666666663
2,250,450,20,true,0.4,0.05,50.0,0.8,22.0,5,0.02,0.6277901785714286,0.32459077380952384
2,250,450,20,true,0.4,0.05,50.0,0.8,22.0,5,0.04,0.7524181547619048,0.38653273809523814
2,250,450,20,true,0.4,0.05,50.0,0.8,22.0,5,0.06,0.8159412202380952,0.41945684523809523
2,250,450,20,true,0.4,0.05,50.0,0.8,22.0,5,0.08,0.8525855654761905,0.41806175595238093
2,250,450,20,true,0.4,0.05,50.0,0.8,22.0,5,0.1,0.8797433035714286,0.3992745535714286
2,250,450,20,true,0.4,0.05,50.0,0.8,24.0,5,0.0,0.5484561011904762,0.32905505952380953
2,250,450,20,true,0.4,0.05,50.0,0.8,24.0,5,0.02,0.671875,0.3334263392857143
2,250,450,20,true,0.4,0.05,50.0,0.8,24.0,5,0.04,0.7758556547619048,0.39043898809523814
2,250,450,20,true,0.4,0.05,50.0,0.8,24.0,5,0.06,0.8360305059523809,0.40699404761904767
2,250,450,20,true,0.4,0.05,50.0,0.8,24.0,5,0.08,0.8660714285714286,0.39685639880952384
2,250,450,20,true,0.4,0.05,50.0,0.8,24.0,5,0.1,0.8922991071428571,0.38011532738095233
2,250,450,20,true,0.4,0.05,50.0,0.8,26.0,5,0.0,0.873046875,0.7841331845238095
2,250,450,20,true,0.4,0.05,50.0,0.8,26.0,5,0.02,0.9838169642857143,0.7055431547619048
2,250,450,20,true,0.4,0.05,50.0,0.8,26.0,5,0.04,0.9840029761904762,0.6396019345238095
2,250,450,20,true,0.4,0.05,50.0,0.8,26.0,5,0.06,0.9706101190476191,0.58984375
2,250,450,20,true,0.4,0.05,50.0,0.8,26.0,5,0.08,0.9522879464285714,0.5154389880952381
2,250,450,20,true,0.4,0.05,50.0,0.8,26.0,5,0.1,0.9378720238095238,0.44940476190476186
2,250,450,20,true,0.4,0.05,50.0,0.8,28.0,5,0.0,0.5845424107142857,0.37927827380952384
2,250,450,20,true,0.4,0.05,50.0,0.8,28.0,5,0.02,0.7091703869047619,0.38151041666666663
2,250,450,20,true,0.4,0.05,50.0,0.8,28.0,5,0.04,0.8067336309523809,0.41452752976190477
2,250,450,20,true,0.4,0.05,50.0,0.8,28.0,5,0.06,0.8560267857142857,0.42178199404761907
2,250,450,20,true,0.4,0.05,50.0,0.8,28.0,5,0.08,0.8894159226190477,0.40941220238095233
2,250,450,20,true,0.4,0.05,50.0,0.8,28.0,5,0.1,0.9122023809523809,0.38076636904761907
2,250,450,20,true,0.4,0.05,50.0,0.8,30.0,5,0.0,0.6150483630952381,0.40383184523809523
2,250,450,20,true,0.4,0.05,50.0,0.8,30.0,5,0.02,0.7345610119047619,0.40113467261904767
2,250,450,20,true,0.4,0.05,50.0,0.8,30.0,5,0.04,0.8182663690476191,0.41452752976190477
2,250,450,20,true,0.4,0.05,50.0,0.8,30.0,5,0.06,0.8720238095238095,0.4308035714285714
2,250,450,20,true,0.4,0.05,50.0,0.8,30.0,5,0.08,0.8961123511904762,0.40773809523809523
2,250,450,20,true,0.4,0.05,50.0,0.8,30.0,5,0.1,0.9166666666666666,0.37769717261904767
2,250,450,20,true,0.4,0.08,50.0,0.8,0.0,5,0.0,0.0,0.0
2,250,450,20,true,0.4,0.08,50.0,0.8,0.0,5,0.02,0.09784226190476186,0.09784226190476186
2,250,450,20,true,0.4,0.08,50.0,0.8,0.0,5,0.04,0.3401227678571429,0.3401227678571429
2,250,450,20,true,0.4,0.08,50.0,0.8,0.0,5,0.06,0.47972470238095233,0.47972470238095233
2,250,450,20,true,0.4,0.08,50.0,0.8,0.0,5,0.08,0.5828683035714286,0.5828683035714286
2,250,450,20,true,0.4,0.08,50.0,0.8,0.0,5,0.1,0.6507626488095238,0.6507626488095238
2,250,450,20,true,0.4,0.08,50.0,0.8,2.0,5,0.0,0.036737351190476164,0.0
2,250,450,20,true,0.4,0.08,50.0,0.8,2.0,5,0.02,0.12890625,0.09477306547619047
2,250,450,20,true,0.4,0.08,50.0,0.8,2.0,5,0.04,0.35816592261904767,0.32598586309523814
2,250,450,20,true,0.4,0.08,50.0,0.8,2.0,5,0.06,0.5039992559523809,0.47005208333333337
2,250,450,20,true,0.4,0.08,50.0,0.8,2.0,5,0.08,0.6005394345238095,0.5663132440476191
2,250,450,20,true,0.4,0.08,50.0,0.8,2.0,5,0.1,0.6675967261904762,0.6319754464285714
2,250,450,20,true,0.4,0.08,50.0,0.8,4.0,5,0.0,0.09281994047619047,0.049200148809523836
2,250,450,20,true,0.4,0.08,50.0,0.8,4.0,5,0.02,0.20079985119047616,0.1448102678571429
2,250,450,20,true,0.4,0.08,50.0,0.8,4.0,5,0.04,0.39946056547619047,0.341796875
2,250,450,20,true,0.4,0.08,50.0,0.8,4.0,5,0.06,0.5395275297619048,0.47591145833333337
2,250,450,20,true,0.4,0.08,50.0,0.8,4.0,5,0.08,0.6281622023809523,0.5618489583333333
2,250,450,20,true,0.4,0.08,50.0,0.8,4.0,5,0.1,0.6814546130952381,0.6129092261904762
2,250,450,20,true,0.4,0.08,50.0,0.8,6.0,5,0.0,0.16145833333333337,0.1071428571428571
2,250,450,20,true,0.4,0.08,50.0,0.8,6.0,5,0.02,0.26497395833333337,0.19187127976190477
2,250,450,20,true,0.4,0.08,50.0,0.8,6.0,5,0.04,0.45405505952380953,0.37230282738095233
2,250,450,20,true,0.4,0.08,50.0,0.8,6.0,5,0.06,0.5778459821428572,0.48614211309523814
2,250,450,20,true,0.4,0.08,50.0,0.8,6.0,5,0.08,0.6688058035714286,0.5702194940476191
2,250,450,20,true,0.4,0.08,50.0,0.8,6.0,5,0.1,0.7083333333333333,0.6065848214285714
2,250,450,20,true,0.4,0.08,50.0,0.8,8.0,5,0.0,0.181640625,0.09412202380952384
2,250,450,20,true,0.4,0.08,50.0,0.8,8.0,5,0.02,0.28664434523809523,0.1735491071428571
2,250,450,20,true,0.4,0.08,50.0,0.8,8.0,5,0.04,0.4874441964285714,0.3540736607142857
2,250,450,20,true,0.4,0.08,50.0,0.8,8.0,5,0.06,0.6049107142857143,0.4645647321428571
2,250,450,20,true,0.4,0.08,50.0,0.8,8.0,5,0.08,0.6742931547619048,0.5239955357142857
2,250,450,20,true,0.4,0.08,50.0,0.8,8.0,5,0.1,0.7329799107142857,0.5754278273809523
2,250,450,20,true,0.4,0.08,50.0,0.8,10.0,5,0.0,0.21084449404761907,0.0959821428571429
2,250,450,20,true,0.4,0.08,50.0,0.8,10.0,5,0.02,0.33054315476190477,0.17568824404761907
2,250,450,20,true,0.4,0.08,50.0,0.8,10.0,5,0.04,0.513671875,0.34375
2,250,450,20,true,0.4,0.08,50.0,0.8,10.0,5,0.06,0.6289992559523809,0.43563988095238093
2,250,450,20,true,0.4,0.08,50.0,0.8,10.0,5,0.08,0.7059151785714286,0.5035342261904762
2,250,450,20,true,0.4,0.08,50.0,0.8,10.0,5,0.1,0.7520461309523809,0.5307849702380952
2,250,450,20,true,0.4,0.08,50.0,0.8,12.0,5,0.0,0.31463913690476186,0.19624255952380953
2,250,450,20,true,0.4,0.08,50.0,0.8,12.0,5,0.02,0.42140997023809523,0.25492931547619047
2,250,450,20,true,0.4,0.08,50.0,0.8,12.0,5,0.04,0.5845424107142857,0.3881138392857143
2,250,450,20,true,0.4,0.08,50.0,0.8,12.0,5,0.06,0.6808035714285714,0.4581473214285714
2,250,450,20,true,0.4,0.08,50.0,0.8,12.0,5,0.08,0.7556733630952381,0.5151599702380952
2,250,450,20,true,0.4,0.08,50.0,0.8,12.0,5,0.1,0.7872953869047619,0.5288318452380952
2,250,450,20,true,0.4,0.08,50.0,0.8,14.0,5,0.0,0.3655133928571429,0.22191220238095233
2,250,450,20,true,0.4,0.08,50.0,0.8,14.0,5,0.02,0.46642485119047616,0.26571800595238093
2,250,450,20,true,0.4,0.08,50.0,0.8,14.0,5,0.04,0.6184895833333333,0.38067336309523814
2,250,450,20,true,0.4,0.08,50.0,0.8,14.0,5,0.06,0.7147507440476191,0.451171875
2,250,450,20,true,0.4,0.08,50.0,0.8,14.0,5,0.08,0.7723214285714286,0.48456101190476186
2,250,450,20,true,0.4,0.08,50.0,0.8,14.0,5,0.1,0.8152901785714286,0.49153645833333337
2,250,450,20,true,0.4,0.08,50.0,0.8,16.0,5,0.0,0.4031808035714286,0.24786086309523814
2,250,450,20,true,0.4,0.08,50.0,0.8,16.0,5,0.02,0.5104166666666667,0.28636532738095233
2,250,450,20,true,0.4,0.08,50.0,0.8,16.0,5,0.04,0.6532738095238095,0.3878348214285714
2,250,450,20,true,0.4,0.08,50.0,0.8,16.0,5,0.06,0.7445126488095238,0.4467075892857143
2,250,450,20,true,0.4,0.08,50.0,0.8,16.0,5,0.08,0.7992931547619048,0.46354166666666663
2,250,450,20,true,0.4,0.08,50.0,0.8,16.0,5,0.1,0.8295200892857143,0.46391369047619047
2,250,450,20,true,0.4,0.08,50.0,0.8,18.0,5,0.0,0.42987351190476186,0.2672991071428571
2,250,450,20,true,0.4,0.08,50.0,0.8,18.0,5,0.02,0.5524553571428572,0.3044084821428571
2,250,450,20,true,0.4,0.08,50.0,0.8,18.0,5,0.04,0.6928013392857143,0.4017857142857143
2,250,450,20,true,0.4,0.08,50.0,0.8,18.0,5,0.06,0.7690662202380952,0.43405877976190477
2,250,450,20,true,0.4,0.08,50.0,0.8,18.0,5,0.08,0.81640625,0.4587053571428571
2,250,450,20,true,0.4,0.08,50.0,0.8,18.0,5,0.1,0.8523065476190477,0.44931175595238093
2,250,450,20,true,0.4,0.08,50.0,0.8,20.0,5,0.0,0.37872023809523814,0.16145833333333337
2,250,450,20,true,0.4,0.08,50.0,0.8,20.0,5,0.02,0.49590773809523814,0.20656622023809523
2,250,450,20,true,0.4,0.08,50.0,0.8,20.0,5,0.04,0.6557849702380952,0.31268601190476186
2,250,450,20,true,0.4,0.08,50.0,0.8,20.0,5,0.06,0.7425595238095238,0.37434895833333337
2,250,450,20,true,0.4,0.08,50.0,0.8,20.0,5,0.08,0.8012462797619048,0.3833705357142857
2,250,450,20,true,0.4,0.08,50.0,0.8,20.0,5,0.1,0.8348214285714286,0.37593005952380953
2,250,450,20,true,0.4,0.08,50.0,0.8,22.0,5,0.0,0.5124627976190477,0.31566220238095233
2,250,450,20,true,0.4,0.08,50.0,0.8,22.0,5,0.02,0.6383928571428572,0.33463541666666663
2,250,450,20,true,0.4,0.08,50.0,0.8,22.0,5,0.04,0.7508370535714286,0.38020833333333337
2,250,450,20,true,0.4,0.08,50.0,0.8,22.0,5,0.06,0.8122209821428572,0.41034226190476186
2,250,450,20,true,0.4,0.08,50.0,0.8,22.0,5,0.08,0.8560267857142857,0.41285342261904767
2,250,450,20,true,0.4,0.08,50.0,0.8,22.0,5,0.1,0.8807663690476191,0.39360119047619047
2,250,450,20,true,0.4,0.08,50.0,0.8,24.0,5,0.0,0.5401785714285714,0.31966145833333337
2,250,450,20,true,0.4,0.08,50.0,0.8,24.0,5,0.02,0.6657366071428572,0.33268229166666663
2,250,450,20,true,0.4,0.08,50.0,0.8,24.0,5,0.04,0.7719494047619048,0.3881138392857143
2,250,450,20,true,0.4,0.08,50.0,0.8,24.0,5,0.06,0.8321242559523809,0.4029017857142857
2,250,450,20,true,0.4,0.08,50.0,0.8,24.0,5,0.08,0.8650483630952381,0.3928571428571429
2,250,450,20,true,0.4,0.08,50.0,0.8,24.0,5,0.1,0.8937872023809523,0.37816220238095233
2,250,450,20,true,0.4,0.08,50.0,0.8,26.0,5,0.0,0.8784412202380952,0.7908296130952381
2,250,450,20,true,0.4,0.08,50.0,0.8,26.0,5,0.02,0.9840029761904762,0.7075892857142857
2,250,450,20,true,0.4,0.08,50.0,0.8,26.0,5,0.04,0.9839099702380952,0.6435081845238095
2,250,450,20,true,0.4,0.08,50.0,0.8,26.0,5,0.06,0.9696800595238095,0.5816592261904762
2,250,450,20,true,0.4,0.08,50.0,0.8,26.0,5,0.08,0.9534040178571429,0.521484375
2,250,450,20,true,0.4,0.08,50.0,0.8,26.0,5,0.1,0.9393601190476191,0.4592633928571429
2,250,450,20,true,0.4,0.08,50.0,0.8,28.0,5,0.0,0.5961681547619048,0.38048735119047616
2,250,450,20,true,0.4,0.08,50.0,0.8,28.0,5,0.02,0.7188430059523809,0.38932291666666663
2,250,450,20,true,0.4,0.08,50.0,0.8,28.0,5,0.04,0.8098958333333334,0.4168526785714286
2,250,450,20,true,0.4,0.08,50.0,0.8,28.0,5,0.06,0.8610491071428572,0.4227120535714286
2,250,450,20,true,0.4,0.08,50.0,0.8,28.0,5,0.08,0.8836495535714286,0.4073660714285714
2,250,450,20,true,0.4,0.08,50.0,0.8,28.0,5,0.1,0.9076450892857143,0.37286086309523814
2,250,450,20,true,0.4,0.08,50.0,0.8,30.0,5,0.0,0.6218377976190477,0.4109933035714286
2,250,450,20,true,0.4,0.08,50.0,0.8,30.0,5,0.02,0.73046875,0.3939732142857143
2,250,450,20,true,0.4,0.08,50.0,0.8,30.0,5,0.04,0.8235677083333334,0.42531622023809523
2,250,450,20,true,0.4,0.08,50.0,0.8,30.0,5,0.06,0.875,0.4319196428571429
2,250,450,20,true,0.4,0.08,50.0,0.8,30.0,5,0.08,0.8986235119047619,0.4137834821428571
2,250,450,20,true,0.4,0.08,50.0,0.8,30.0,5,0.1,0.9152715773809523,0.3836495535714286
2,250,450,20,true,0.4,0.1,50.0,0.8,0.0,5,0.0,0.0,0.0
2,250,450,20,true,0.4,0.1,50.0,0.8,0.0,5,0.02,0.09216889880952384,0.09216889880952384
2,250,450,20,true,0.4,0.1,50.0,0.8,0.0,5,0.04,0.33463541666666663,0.33463541666666663
2,250,450,20,true,0.4,0.1,50.0,0.8,0.0,5,0.06,0.48037574404761907,0.48037574404761907
2,250,450,20,true,0.4,0.1,50.0,0.8,0.0,5,0.08,0.5772879464285714,0.5772879464285714
2,250,450,20,true,0.4,0.1,50.0,0.8,0.0,5,0.1,0.6457403273809523,0.6457403273809523
2,250,450,20,true,0.4,0.1,50.0,0.8,2.0,5,0.0,0.033203125,0.0
2,250,450,20,true,0.4,0.1,50.0,0.8,2.0,5,0.02,0.1275111607142857,0.09523809523809523
2,250,450,20,true,0.4,0.1,50.0,0.8,2.0,5,0.04,0.35286458333333337,0.31854538690476186
2,250,450,20,true,0.4,0.1,50.0,0.8,2.0,5,0.06,0.4991629464285714,0.46437872023809523
2,250,450,20,true,0.4,0.1,50.0,0.8,2.0,5,0.08,0.6010044642857143,0.568359375
2,250,450,20,true,0.4,0.1,50.0,0.8,2.0,5,0.1,0.6636904761904762,0.6306733630952381
2,250,450,20,true,0.4,0.1,50.0,0.8,4.0,5,0.0,0.09840029761904767,0.04836309523809523
2,250,450,20,true,0.4,0.1,50.0,0.8,4.0,5,0.02,0.1911272321428571,0.1350446428571429
2,250,450,20,true,0.4,0.1,50.0,0.8,4.0,5,0.04,0.41452752976190477,0.35472470238095233
2,250,450,20,true,0.4,0.1,50.0,0.8,4.0,5,0.06,0.5454799107142857,0.48093377976190477
2,250,450,20,true,0.4,0.1,50.0,0.8,4.0,5,0.08,0.6327194940476191,0.5694754464285714
2,250,450,20,true,0.4,0.1,50.0,0.8,4.0,5,0.1,0.6802455357142857,0.6159784226190477
2,250,450,20,true,0.4,0.1,50.0,0.8,6.0,5,0.0,0.16313244047619047,0.11067708333333337
2,250,450,20,true,0.4,0.1,50.0,0.8,6.0,5,0.02,0.2650669642857143,0.18880208333333337
2,250,450,20,true,0.4,0.1,50.0,0.8,6.0,5,0.04,0.4542410714285714,0.37648809523809523
2,250,450,20,true,0.4,0.1,50.0,0.8,6.0,5,0.06,0.5876116071428572,0.5004650297619048
2,250,450,20,true,0.4,0.1,50.0,0.8,6.0,5,0.08,0.6578311011904762,0.5560825892857143
2,250,450,20,true,0.4,0.1,50.0,0.8,6.0,5,0.1,0.71484375,0.6129092261904762
2,250,450,20,true,0.4,0.1,50.0,0.8,8.0,5,0.0,0.1833147321428571,0.09663318452380953
2,250,450,20,true,0.4,0.1,50.0,0.8,8.0,5,0.02,0.2868303571428571,0.17578125
2,250,450,20,true,0.4,0.1,50.0,0.8,8.0,5,0.04,0.49311755952380953,0.35667782738095233
2,250,450,20,true,0.4,0.1,50.0,0.8,8.0,5,0.06,0.5988653273809523,0.4617745535714286
2,250,450,20,true,0.4,0.1,50.0,0.8,8.0,5,0.08,0.6826636904761905,0.5289248511904762
2,250,450,20,true,0.4,0.1,50.0,0.8,8.0,5,0.1,0.7300967261904762,0.5654761904761905
2,250,450,20,true,0.4,0.1,50.0,0.8,10.0,5,0.0,0.20712425595238093,0.0890066964285714
2,250,450,20,true,0.4,0.1,50.0,0.8,10.0,5,0.02,0.31519717261904767,0.1671316964285714
2,250,450,20,true,0.4,0.1,50.0,0.8,10.0,5,0.04,0.5079985119047619,0.33389136904761907
2,250,450,20,true,0.4,0.1,50.0,0.8,10.0,5,0.06,0.6278831845238095,0.44596354166666663
2,250,450,20,true,0.4,0.1,50.0,0.8,10.0,5,0.08,0.7044270833333333,0.5013950892857143
2,250,450,20,true,0.4,0.1,50.0,0.8,10.0,5,0.1,0.7499069940476191,0.5398995535714286
2,250,450,20,true,0.4,0.1,50.0,0.8,12.0,5,0.0,0.30766369047619047,0.19010416666666663
2,250,450,20,true,0.4,0.1,50.0,0.8,12.0,5,0.02,0.4154575892857143,0.24879092261904767
2,250,450,20,true,0.4,0.1,50.0,0.8,12.0,5,0.04,0.5755208333333333,0.3883928571428571
2,250,450,20,true,0.4,0.1,50.0,0.8,12.0,5,0.06,0.6785714285714286,0.46865699404761907
2,250,450,20,true,0.4,0.1,50.0,0.8,12.0,5,0.08,0.7504650297619048,0.5030691964285714
2,250,450,20,true,0.4,0.1,50.0,0.8,12.0,5,0.1,0.7781808035714286,0.5179501488095238
2,250,450,20,true,0.4,0.1,50.0,0.8,14.0,5,0.0,0.3582589285714286,0.21865699404761907
2,250,450,20,true,0.4,0.1,50.0,0.8,14.0,5,0.02,0.4693080357142857,0.27334449404761907
2,250,450,20,true,0.4,0.1,50.0,0.8,14.0,5,0.04,0.6307663690476191,0.39667038690476186
2,250,450,20,true,0.4,0.1,50.0,0.8,14.0,5,0.06,0.7179129464285714,0.45386904761904767
2,250,450,20,true,0.4,0.1,50.0,0.8,14.0,5,0.08,0.7815290178571428,0.49311755952380953
2,250,450,20,true,0.4,0.1,50.0,0.8,14.0,5,0.1,0.8083147321428572,0.48372395833333337
2,250,450,20,true,0.4,0.1,50.0,0.8,16.0,5,0.0,0.41080729166666663,0.2508370535714286
2,250,450,20,true,0.4,0.1,50.0,0.8,16.0,5,0.02,0.5130208333333333,0.28720238095238093
2,250,450,20,true,0.4,0.1,50.0,0.8,16.0,5,0.04,0.6594122023809523,0.40141369047619047
2,250,450,20,true,0.4,0.1,50.0,0.8,16.0,5,0.06,0.7433035714285714,0.4514508928571429
2,250,450,20,true,0.4,0.1,50.0,0.8,16.0,5,0.08,0.8001302083333334,0.46884300595238093
2,250,450,20,true,0.4,0.1,50.0,0.8,16.0,5,0.1,0.8321242559523809,0.47702752976190477
2,250,450,20,true,0.4,0.1,50.0,0.8,18.0,5,0.0,0.43591889880952384,0.2686941964285714
2,250,450,20,true,0.4,0.1,50.0,0.8,18.0,5,0.02,0.5554315476190477,0.3038504464285714
2,250,450,20,true,0.4,0.1,50.0,0.8,18.0,5,0.04,0.6832217261904762,0.39741443452380953
2,250,450,20,true,0.4,0.1,50.0,0.8,18.0,5,0.06,0.7702752976190477,0.44568452380952384
2,250,450,20,true,0.4,0.1,50.0,0.8,18.0,5,0.08,0.8182663690476191,0.44159226190476186
2,250,450,20,true,0.4,0.1,50.0,0.8,18.0,5,0.1,0.8459821428571428,0.44680059523809523
2,250,450,20,true,0.4,0.1,50.0,0.8,20.0,5,0.0,0.37565104166666663,0.16080729166666663
2,250,450,20,true,0.4,0.1,50.0,0.8,20.0,5,0.02,0.5038132440476191,0.20275297619047616
2,250,450,20,true,0.4,0.1,50.0,0.8,20.0,5,0.04,0.6564360119047619,0.31408110119047616
2,250,450,20,true,0.4,0.1,50.0,0.8,20.0,5,0.06,0.7465587797619048,0.36328125
2,250,450,20,true,0.4,0.1,50.0,0.8,20.0,5,0.08,0.7995721726190477,0.388671875
2,250,450,20,true,0.4,0.1,50.0,0.8,20.0,5,0.1,0.8323102678571428,0.3755580357142857
2,250,450,20,true,0.4,0.1,50.0,0.8,22.0,5,0.0,0.5003720238095238,0.30171130952380953
2,250,450,20,true,0.4,0.1,50.0,0.8,22.0,5,0.02,0.6288132440476191,0.3272879464285714
2,250,450,20,true,0.4,0.1,50.0,0.8,22.0,5,0.04,0.7515811011904762,0.38709077380952384
2,250,450,20,true,0.4,0.1,50.0,0.8,22.0,5,0.06,0.8131510416666666,0.41555059523809523
2,250,450,20,true,0.4,0.1,50.0,0.8,22.0,5,0.08,0.8545386904761905,0.4084821428571429
2,250,450,20,true,0.4,0.1,50.0,0.8,22.0,5,0.1,0.8826264880952381,0.4020647321428571
2,250,450,20,true,0.4,0.1,50.0,0.8,24.0,5,0.0,0.5463169642857143,0.3270089285714286
2,250,450,20,true,0.4,0.1,50.0,0.8,24.0,5,0.02,0.6720610119047619,0.33444940476190477
2,250,450,20,true,0.4,0.1,50.0,0.8,24.0,5,0.04,0.771484375,0.37927827380952384
2,250,450,20,true,0.4,0.1,50.0,0.8,24.0,5,0.06,0.8310081845238095,0.40327380952380953
2,250,450,20,true,0.4,0.1,50.0,0.8,24.0,5,0.08,0.8716517857142857,0.41006324404761907
2,250,450,20,true,0.4,0.1,50.0,0.8,24.0,5,0.1,0.8861607142857143,0.37881324404761907
2,250,450,20,true,0.4,0.1,50.0,0.8,26.0,5,0.0,0.8804873511904762,0.7933407738095238
2,250,450,20,true,0.4,0.1,50.0,0.8,26.0,5,0.02,0.9842819940476191,0.7036830357142857
2,250,450,20,true,0.4,0.1,50.0,0.8,26.0,5,0.04,0.9855840773809523,0.6485305059523809
2,250,450,20,true,0.4,0.1,50.0,0.8,26.0,5,0.06,0.9715401785714286,0.5679873511904762
2,250,450,20,true,0.4,0.1,50.0,0.8,26.0,5,0.08,0.9507998511904762,0.5189732142857143
2,250,450,20,true,0.4,0.1,50.0,0.8,26.0,5,0.1,0.9380580357142857,0.45331101190476186
2,250,450,20,true,0.4,0.1,50.0,0.8,28.0,5,0.0,0.5875186011904762,0.38857886904761907
2,250,450,20,true,0.4,0.1,50.0,0.8,28.0,5,0.02,0.7102864583333333,0.38206845238095233
2,250,450,20,true,0.4,0.1,50.0,0.8,28.0,5,0.04,0.8006882440476191,0.41164434523809523
2,250,450,20,true,0.4,0.1,50.0,0.8,28.0,5,0.06,0.8637462797619048,0.4280133928571429
2,250,450,20,true,0.4,0.1,50.0,0.8,28.0,5,0.08,0.8919270833333334,0.40978422619047616
2,250,450,20,true,0.4,0.1,50.0,0.8,28.0,5,0.1,0.90625,0.3783482142857143
2,250,450,20,true,0.4,0.1,50.0,0.8,30.0,5,0.0,0.6173735119047619,0.4093191964285714
2,250,450,20,true,0.4,0.1,50.0,0.8,30.0,5,0.02,0.7357700892857143,0.3967633928571429
2,250,450,20,true,0.4,0.1,50.0,0.8,30.0,5,0.04,0.8218936011904762,0.41973586309523814
2,250,450,20,true,0.4,0.1,50.0,0.8,30.0,5,0.06,0.8635602678571428,0.4294084821428571
2,250,450,20,true,0.4,0.1,50.0,0.8,30.0,5,0.08,0.8960193452380952,0.40755208333333337
2,250,450,20,true,0.4,0.1,50.0,0.8,30.0,5,0.1,0.9134114583333334,0.37434895833333337
